IndividuoA;IndividuoB;Id;Tipo;Valor;Fecha;Oficina;Municipio
99347663231;78922484448;205;8;44471;24/12/1984;283;406375
99347671880;78982368282;214;8;37569;24/12/1984;233;374040
99347671880;79015193233;215;8;37593;24/12/1984;233;374040
99347671880;79013042136;216;8;37470;18/12/1984;256;374040
99347671880;90310563439;217;8;39851;22/12/1984;282;374040
99498399794;78992769503;227;8;40464;17/12/1984;157;374040
99498399794;69997210088;228;8;37226;25/12/1984;274;411182
99498399794;78875688179;229;8;37603;23/12/1984;280;434792
99498399794;76086550749;230;8;37698;29/12/1984;293;395427
99498399794;76402536143;231;8;36990;21/12/1984;298;346516
99498421148;70327173826;250;8;37848;30/12/1984;196;406072
99498421148;78637998100;251;8;42651;21/12/1984;254;464346
99498421148;78922484448;252;8;37025;28/12/1984;283;406375
99498427766;78994482768;257;8;46046;18/12/1984;203;374040
99498427766;71220303702;258;8;37775;24/12/1984;277;443137
99498427766;94843234476;259;8;37997;27/12/1984;295;441794
79451631546;78922484448;455;8;38108;25/12/1984;283;406375
79457571600;79454822230;510;5;45250;20/12/1984;292;443137
79457571600;79456896673;511;5;40000;25/12/1984;292;443137
79457571600;79454822230;512;5;41623;28/12/1984;292;443137
79457571600;79455037755;513;5;41139;30/12/1984;292;443137
79457571600;90523338738;514;8;37027;25/12/1984;298;381295
99493906057;73946238562;560;8;38293;25/12/1984;288;449832
99493906057;68781511597;561;8;39478;18/12/1984;288;449832
99493906057;70229280658;562;8;41195;22/12/1984;294;397775
99494388193;69161923783;575;5;40527;30/12/1984;274;360211
99494388193;68382660633;576;8;38619;28/12/1984;254;464346
99494388193;69444068739;577;8;40022;20/12/1984;273;361784
99494388193;90346183750;578;8;38353;20/12/1984;289;437108
99494389363;78560655295;591;8;37617;24/12/1984;243;339803
99494391435;68076900251;637;8;40289;27/12/1984;231;457979
99494391435;59719293278;638;8;38653;30/12/1984;271;437617
99494391435;76125553050;639;8;44140;18/12/1984;272;400002
99494391435;68076900251;640;8;41675;18/12/1984;291;457979
99498686425;71862192139;654;5;38657;20/12/1984;275;343136
99498689245;73308973402;660;5;41461;28/12/1984;100;339803
99498689245;78993052175;661;5;40969;29/12/1984;249;374040
99498689245;78501980797;662;5;39294;17/12/1984;249;339803
99498689245;90583634333;663;5;41761;28/12/1984;290;457979
99498689245;79753924552;664;8;37202;30/12/1984;213;441498
99498703325;71836575125;686;5;38644;17/12/1984;0;339803
99498703325;65318500370;687;5;41532;30/12/1984;100;339803
99498703325;75931918554;688;5;39951;17/12/1984;261;344832
99498703325;75126725470;689;5;39094;22/12/1984;270;346886
99498703325;78922195630;690;5;40721;30/12/1984;276;406072
99498703325;78556180563;691;5;39151;16/12/1984;279;339803
99498703325;76430609590;692;5;39014;16/12/1984;281;343457
99498703325;90203692414;693;5;37009;28/12/1984;300;346590
99494397056;78714495495;701;8;41065;23/12/1984;242;388190
99494397056;75720324394;702;8;38418;23/12/1984;250;443535
99494397056;76022810647;703;8;43031;27/12/1984;278;387509
99494397056;77148256872;704;8;43010;17/12/1984;284;374040
99494397056;78460947915;705;8;41136;20/12/1984;293;451852
99494405013;76449726352;713;8;37404;29/12/1984;191;360211
99090250242;76396952555;4450;8;36990;28/12/1984;90;339803
99090250242;57212697801;4451;8;38099;18/12/1984;257;339803
99090250242;90486514595;4452;8;40167;28/12/1984;280;462839
99090250242;78922484448;4453;8;38494;30/12/1984;283;406375
99201274756;78985492274;4485;5;37118;21/12/1984;255;411131
99201274756;78985407154;4486;5;39937;21/12/1984;255;411131
99201274756;90243213856;4487;5;36990;29/12/1984;255;411131
99201274756;69787260315;4488;5;41880;31/12/1984;255;411131
79202421007;70265635229;4500;5;39542;20/12/1984;267;397204
79202421007;72477391835;4501;5;38451;20/12/1984;267;397204
79202421007;72465498857;4502;5;37782;21/12/1984;267;397204
79202421007;70265635229;4503;5;40000;27/12/1984;267;397204
79202421007;90338881976;4504;5;41761;28/12/1984;267;397204
79202421007;90455276564;4505;8;41761;28/12/1984;294;456230
69219650802;90171679288;4540;5;41545;18/12/1984;221;345209
69219650802;75127264377;4541;5;44343;23/12/1984;270;346886
69219650802;75127145101;4542;5;39542;28/12/1984;270;346886
99263432011;73752271352;4616;5;44442;24/12/1984;256;462839
99263432011;69847295157;4617;5;37170;29/12/1984;277;462839
99263432011;79038982484;4618;8;39034;22/12/1984;223;374040
99263432011;69847691730;4619;8;39297;17/12/1984;256;462839
99263432011;73259892013;4620;8;36990;29/12/1984;293;439990
79318000157;75627110263;4670;5;40378;31/12/1984;291;437108
99344984648;78825684715;4682;8;37658;22/12/1984;242;397775
99344985161;67662461004;4689;5;38936;18/12/1984;265;456247
99344985161;72841947278;4690;5;41611;22/12/1984;286;456230
99344985161;78178490073;4691;5;42816;23/12/1984;286;456230
99344985161;79754866900;4692;8;41139;28/12/1984;179;457979
99344985161;77204997447;4693;8;37129;16/12/1984;282;374040
99344985161;74608260581;4694;8;41563;20/12/1984;286;456230
99344985492;70842166004;4695;8;39155;25/12/1984;266;431755
99344985492;90483686538;4696;8;37823;29/12/1984;267;397204
99344985492;72262583966;4697;8;40083;22/12/1984;288;458186
99344985492;72394076645;4698;8;37699;20/12/1984;295;439799
99344987274;78525597663;4705;8;43979;22/12/1984;266;339803
99344987274;75163026067;4706;8;36990;24/12/1984;269;360211
99344987274;74940332825;4707;8;41077;31/12/1984;286;457979
99344988400;72881953293;4710;8;37100;24/12/1984;226;374040
99090267417;78560655295;4718;8;38185;29/12/1984;244;339803
99090271941;79614887643;4722;8;37454;25/12/1984;189;453149
99090271941;78551405766;4723;8;40569;24/12/1984;243;339803
99090271941;69063720413;4724;8;40041;20/12/1984;252;339803
99090271941;69063720413;4725;8;38964;29/12/1984;298;339803
99090273482;90535036006;4726;8;37083;18/12/1984;256;454544
99090273482;78099775409;4727;8;40483;16/12/1984;270;454407
99090273482;90302969044;4728;8;38709;30/12/1984;292;454865
99090296776;71949361915;4740;5;42590;18/12/1984;196;406072
99090296776;71847403620;4741;5;41761;20/12/1984;257;341111
99090296776;78573003195;4742;5;42907;23/12/1984;257;341111
99090296776;73303352200;4743;5;43781;18/12/1984;258;339803
99090296776;79663109580;4744;8;40345;24/12/1984;270;454407
99090301420;90165344691;4746;8;39294;27/12/1984;277;341263
99090301420;78506766555;4747;8;40000;25/12/1984;278;342813
99090301420;69120601124;4748;8;41761;25/12/1984;287;343854
99090301420;75945804066;4749;8;42304;21/12/1984;298;346516
99090309594;78477681038;4756;5;37872;18/12/1984;277;341263
99090309594;74025607827;4757;5;38537;25/12/1984;277;341263
99090309594;79933502335;4758;5;38967;25/12/1984;277;341263
99090309594;78550619104;4759;5;37806;18/12/1984;292;341052
99090309594;71934803690;4760;5;37928;20/12/1984;292;341052
99090309594;69048552278;4761;8;41139;22/12/1984;274;340183
99090309594;78569808195;4762;8;39370;31/12/1984;274;340183
99090309594;65482683868;4763;8;37163;30/12/1984;277;341263
99090315270;90285131771;4765;8;40420;23/12/1984;196;406072
99090315270;90285367679;4766;8;39466;28/12/1984;196;406072
99090315270;90285367679;4767;8;41100;30/12/1984;222;406072
99090315270;78101019373;4768;8;38642;27/12/1984;274;454407
99090330208;78459240533;4778;5;36990;17/12/1984;281;340475
99090330208;90094906513;4779;8;44771;23/12/1984;238;340157
99090330208;75934573979;4780;8;44771;20/12/1984;281;340475
99090330208;90160079333;4781;8;43010;18/12/1984;296;341805
99090330208;90160079333;4782;8;43979;20/12/1984;296;341805
99090330208;90160079333;4783;8;43979;20/12/1984;296;341805
99090331937;78922484448;4784;5;37782;23/12/1984;283;406375
99090331944;74601822566;4805;5;37001;17/12/1984;261;456388
99090331944;73142087657;4806;5;46331;29/12/1984;261;456388
99090331944;74227404217;4807;5;44745;18/12/1984;266;431315
99090331944;90528341489;4808;8;37563;28/12/1984;273;413035
99090331944;70033585321;4809;8;37202;21/12/1984;286;451909
99090343362;76332794341;4821;5;41761;28/12/1984;279;339803
99090343362;71302357175;4822;8;42553;17/12/1984;194;443137
99090343362;78517504002;4823;8;46990;21/12/1984;264;339803
99090343362;76332794341;4824;8;50000;30/12/1984;279;339803
99090344928;78542550438;4829;5;42083;27/12/1984;265;341572
99090344928;65337249178;4830;5;44771;18/12/1984;281;340663
99090344928;78476955966;4831;5;40000;29/12/1984;281;340663
99090344928;78476394026;4832;5;40414;30/12/1984;281;340663
99344988400;79043032632;4834;8;37071;18/12/1984;247;374040
99344988400;79192897561;4835;8;38847;28/12/1984;266;431755
99344992609;90380877065;4885;8;39908;20/12/1984;250;443535
99344992609;72387841403;4886;8;37035;27/12/1984;260;439795
99344992609;72387841403;4887;8;38613;30/12/1984;260;439795
99344992609;68652625462;4888;8;37898;18/12/1984;269;388363
99344994188;76061298740;4894;8;37597;18/12/1984;256;439795
99344994683;78452861103;4909;8;38762;25/12/1984;85;339803
99344994683;76409676115;4910;8;39515;25/12/1984;256;339803
99344994683;76410123580;4911;8;37425;31/12/1984;264;339803
99344994683;71820990509;4912;8;38129;20/12/1984;269;360211
99344994683;70400992213;4913;8;37164;24/12/1984;290;406072
99344994683;72335162724;4914;8;43010;17/12/1984;295;374040
99344995147;78012610744;4918;8;40981;24/12/1984;246;453149
99344995147;79602663137;4919;8;38707;31/12/1984;248;453149
99344995147;79025018454;4920;8;37773;24/12/1984;249;374040
99344995621;78825684715;4950;8;36990;18/12/1984;294;397775
99344995792;78922700219;4967;8;40618;22/12/1984;222;406072
99344995792;79602691888;4968;8;39737;30/12/1984;278;453149
99344995792;79749372449;4969;8;38428;22/12/1984;288;458452
99344995792;78962398554;4970;8;39610;18/12/1984;291;453149
99344996298;75962145140;4974;8;40421;31/12/1984;272;400002
99344996298;90275892729;4975;8;37520;18/12/1984;286;434517
99344996298;75143989096;4976;8;38786;25/12/1984;289;437108
99344996298;71008358778;4977;8;39661;22/12/1984;296;437108
99344996298;71008358778;4978;8;38859;30/12/1984;296;437108
99344997417;72091462136;5000;8;37118;17/12/1984;267;397204
99344997417;73912964516;5001;8;37912;16/12/1984;285;393384
99344997417;72301603890;5002;8;37509;17/12/1984;288;458452
99090369344;79941431265;5034;8;45441;25/12/1984;266;339803
99090375941;90087980916;5044;8;37273;24/12/1984;90;339803
99090375941;78519519173;5045;8;40925;30/12/1984;186;342045
99090375941;79938052706;5046;8;39141;29/12/1984;263;339803
99090375941;78454933619;5047;8;37431;24/12/1984;296;339803
99090381741;78550134324;5058;8;38751;28/12/1984;95;339803
99090381741;78551268981;5059;8;43717;23/12/1984;237;339803
99090381741;90524112633;5060;8;41761;25/12/1984;254;339803
99090383921;71820517242;5063;8;40969;16/12/1984;198;434665
99090383921;79662085510;5064;8;41263;31/12/1984;270;454407
99090385205;79934866700;5069;8;42949;22/12/1984;0;339803
99090385205;66550657246;5070;8;41800;20/12/1984;70;339803
99090385205;78535638143;5071;8;40186;20/12/1984;126;339803
99090385205;76344946750;5072;8;38028;30/12/1984;250;339803
99090385205;90112119485;5073;8;38129;21/12/1984;273;340900
99090385205;90112030353;5074;8;39223;21/12/1984;273;340900
99090385205;90112119485;5075;8;38213;25/12/1984;273;340900
99345010017;70800448501;5152;8;38779;16/12/1984;273;413035
99345010824;76283543378;5153;8;37160;27/12/1984;232;400002
99345010824;67631478548;5154;8;37404;22/12/1984;289;437108
99345010824;79600207978;5155;8;40266;27/12/1984;292;443137
99090426153;77143883622;5293;8;37331;25/12/1984;190;456230
99090426153;78519370946;5294;8;42672;20/12/1984;250;339803
99090426153;69086899219;5295;8;41761;16/12/1984;280;339803
99090426435;78550912597;5296;5;41761;20/12/1984;120;339803
99090426435;71875984478;5297;5;36990;18/12/1984;238;340157
99090426435;71877409494;5298;5;40969;22/12/1984;238;340157
99090426435;79943582742;5299;5;40000;31/12/1984;238;340157
99090426435;90163369965;5300;5;39513;18/12/1984;243;342813
99090426435;90101829425;5301;5;36990;20/12/1984;270;346886
99090426435;76407143378;5302;5;37782;25/12/1984;270;346886
99090426435;90101829425;5303;5;36990;28/12/1984;270;346886
99090426435;78480215685;5304;5;39890;18/12/1984;278;342813
99090426435;79932674081;5305;5;44421;28/12/1984;278;342813
99090426435;69146356097;5306;5;36990;18/12/1984;281;340475
99090426435;79936974866;5307;8;41265;22/12/1984;278;342813
99090427259;69196099679;5309;5;42175;17/12/1984;0;339803
99090435828;79001622867;5315;8;38681;29/12/1984;161;374040
99090435828;90168026106;5316;8;41073;17/12/1984;221;342472
99090435828;90119457745;5317;8;40941;16/12/1984;264;340088
99090435828;90074179295;5318;8;37537;23/12/1984;278;342813
99090435828;90168653255;5319;8;39365;30/12/1984;281;340663
99090435828;79941181237;5320;8;41339;24/12/1984;285;341913
99090435828;79941181237;5321;8;38309;25/12/1984;285;341913
99095560907;78560655295;5362;8;39675;24/12/1984;243;339803
99095563792;75959614533;5365;5;37871;20/12/1984;191;454407
99095563792;78960425878;5366;5;42392;18/12/1984;196;406072
99095563792;68678915882;5367;5;38293;25/12/1984;196;406072
99095563792;78958418650;5368;5;37349;23/12/1984;197;407298
99095563792;74866841857;5369;5;39159;16/12/1984;202;406850
99095563792;69692209137;5370;5;37363;21/12/1984;205;454540
99095563792;79663878983;5371;5;36990;23/12/1984;205;454540
99095563792;90180457345;5372;5;39363;24/12/1984;268;382705
99095563792;75176020910;5373;5;39219;24/12/1984;270;454407
99095563792;79936459539;5374;5;38680;16/12/1984;276;406072
99095563792;77072890542;5375;5;38022;24/12/1984;283;406072
99095563792;90285106124;5376;5;42485;18/12/1984;283;406072
99095563792;69199998612;5377;5;38154;21/12/1984;283;406072
99095563792;70474002758;5378;5;39305;23/12/1984;283;406072
99095563792;78922484448;5379;5;42654;28/12/1984;283;406375
99095563792;90280513350;5380;5;41427;18/12/1984;284;407105
99095563792;78506864116;5381;5;39982;16/12/1984;286;406219
99095563792;71770889605;5382;5;38593;29/12/1984;290;406072
99095563792;90275830476;5383;5;42629;18/12/1984;298;400130
99095563792;78866816616;5384;5;40982;23/12/1984;298;400130
99095563792;78963119280;5385;8;40398;21/12/1984;197;407298
99095563792;69396853613;5386;8;37652;20/12/1984;268;360211
99095563792;76253857185;5387;8;45405;21/12/1984;270;454407
99095563792;78960425878;5388;8;37404;16/12/1984;276;406072
99095563792;78960425878;5389;8;40367;22/12/1984;276;406072
99095563792;71949786070;5390;8;37364;25/12/1984;284;407105
99095563792;68117888694;5391;8;38757;24/12/1984;290;457979
99095563792;69882974388;5392;8;46513;20/12/1984;294;449832
99095563792;73904342251;5393;8;37959;25/12/1984;294;449832
99095567298;78457216962;5397;5;38245;20/12/1984;276;339803
99095567298;90288414982;5398;5;39205;30/12/1984;283;406375
99095567298;79936894569;5399;5;38595;16/12/1984;284;407105
99095567298;71949786070;5400;5;46319;16/12/1984;284;407105
99095567298;70474370090;5401;5;40000;18/12/1984;284;407105
99095567298;90285066597;5402;8;36990;27/12/1984;196;406072
99095567298;78535105605;5403;8;40716;17/12/1984;284;407105
99095567298;90582137696;5404;8;39708;17/12/1984;298;360211
99095569259;78922484448;5405;5;40969;28/12/1984;283;406375
99100969404;72463365983;5461;5;43979;18/12/1984;188;431176
99100969404;70840603502;5462;5;46990;21/12/1984;266;431176
99100969404;70840603502;5463;5;50000;24/12/1984;266;431176
99100969404;90315032726;5464;5;45523;31/12/1984;266;431176
99100969404;70840603502;5465;5;48751;28/12/1984;266;431176
99100973794;68860857469;5469;5;36990;23/12/1984;188;431176
99100973794;68860857469;5470;5;40000;27/12/1984;188;431176
99100973794;75577026511;5471;5;39011;25/12/1984;266;431755
99100973794;90315032726;5472;5;38751;29/12/1984;266;431176
99100973794;79200360031;5473;5;39029;18/12/1984;294;431755
99494405013;67032052558;5488;8;37114;28/12/1984;268;364137
99494405013;78961593270;5489;8;38751;18/12/1984;272;434243
99494405013;78633851065;5490;8;40000;31/12/1984;281;340183
99494463211;78581865761;5518;5;40203;18/12/1984;192;360211
99494463211;78666775941;5519;5;45770;16/12/1984;265;360211
99494463211;69415809590;5520;5;38451;30/12/1984;269;360211
99494878327;67428381670;5538;8;39559;24/12/1984;250;460746
99494879915;78454032480;5541;8;40204;21/12/1984;100;339803
99494879915;79607004487;5542;8;37443;28/12/1984;164;453496
99494879915;79593726491;5543;8;40937;22/12/1984;172;374040
99494879915;73524821533;5544;8;38880;21/12/1984;192;360211
99494879915;77768122113;5545;8;38745;18/12/1984;213;441498
99499264987;70866232908;5570;5;43010;31/12/1984;217;431498
99499264987;68880902447;5571;5;38678;23/12/1984;245;431490
99031018106;78565922639;5615;5;39294;20/11/1984;314;340157
99031703074;90358021863;5620;8;41761;20/11/1984;368;441761
99193466084;76328867442;5641;8;38114;20/11/1984;317;345758
99498689245;90162867135;5650;8;41761;20/11/1984;315;341547
99499264987;70908171044;5651;8;42430;20/11/1984;359;431544
99543444586;75762051558;5659;8;43010;20/11/1984;378;453586
99543444586;77421587801;5660;8;41614;20/11/1984;310;383531
99031018106;90181631977;5708;5;39294;20/11/1984;315;345947
99031302570;68579710387;5709;5;38407;20/11/1984;394;410602
99031441181;66325381523;5712;5;39159;20/11/1984;320;389878
99193466084;76328867442;5733;8;37221;20/11/1984;317;345758
99273725598;90504593189;5734;5;38733;20/11/1984;390;463633
99494880839;75634018922;5738;8;37404;20/11/1984;339;400514
99494905849;76588298148;5739;5;40969;20/11/1984;310;383531
99031018106;78557364061;5831;5;39294;22/11/1984;315;341780
99031018106;90167353802;5832;5;39294;22/11/1984;316;344271
99031018106;73418258584;5833;5;39294;22/11/1984;316;344932
99031157680;74169307645;5834;8;42430;22/11/1984;344;407320
99031703074;76001041821;5837;8;43617;22/11/1984;390;463781
99031703074;79929577898;5838;8;45790;22/11/1984;368;441714
99090330208;90094906513;5844;8;44771;22/11/1984;314;340157
99193466084;90160242949;5865;8;38179;22/11/1984;315;346945
99273725598;71124090878;5866;5;43979;22/11/1984;368;441498
99497805713;90219070734;5878;8;40000;22/11/1984;380;454672
99497807566;72038283508;5879;5;40000;22/11/1984;326;394302
99499264987;75582320645;5881;5;43979;22/11/1984;359;431176
99499266153;66932510221;5882;5;37179;22/11/1984;360;431877
99499753272;90504581738;5884;8;39875;22/11/1984;390;463633
99544319564;79662072736;5893;8;42798;22/11/1984;380;454407
99544319564;73657933421;5894;8;39542;22/11/1984;380;454913
99544565896;66886170793;5896;5;38732;22/11/1984;359;431182
99031441181;76023272011;5959;5;39264;23/11/1984;318;387509
99347671880;79046301607;5984;8;40000;23/11/1984;350;410370
99494891893;79591188619;5988;8;40049;23/11/1984;378;453356
99494891893;76015152980;5989;8;38751;23/11/1984;378;453621
99494928521;79607702055;5991;5;39077;23/11/1984;378;453393
99498291126;90505061874;5994;8;38793;23/11/1984;390;463508
99499266807;90207859113;5997;8;38129;23/11/1984;310;383531
99499759621;74935150436;5999;5;38991;23/11/1984;369;442060
99031947980;79929870130;6046;5;38859;23/11/1984;369;441513
99031947980;79929870130;6047;5;38834;23/11/1984;369;441513
99494880839;90341979603;6065;8;36990;23/11/1984;363;437617
99496348086;71287358078;6067;8;37597;23/11/1984;371;443783
99498326994;90159141989;6071;8;39031;23/11/1984;314;342878
99499264987;79202757764;6072;5;40000;23/11/1984;359;431176
99031018106;90167353802;6135;5;38751;24/11/1984;316;344271
99031048096;68579710387;6136;5;38751;24/11/1984;320;389864
99031703074;90079489015;6143;5;40000;24/11/1984;359;431182
99031703074;77769763868;6144;5;40000;24/11/1984;368;441973
99031915004;78569968264;6146;8;37874;24/11/1984;316;343854
99499753272;77760388882;6150;8;44178;24/11/1984;332;397943
99502677933;66146115914;6151;5;36990;24/11/1984;318;388218
99494905849;79607750935;6171;5;40969;24/11/1984;378;453269
99496356837;79452858157;6173;5;36990;24/11/1984;371;443615
99503164324;71636779321;6179;5;38751;24/11/1984;384;458111
99031018106;71909882636;6238;5;39294;25/11/1984;316;344932
99031018106;73418258584;6239;5;39294;25/11/1984;316;344932
99031018106;78566006193;6240;5;39294;25/11/1984;313;341830
99031703074;90359738010;6246;8;38751;25/11/1984;368;441714
99090435828;79941181237;6250;8;40465;25/11/1984;315;346945
99095563792;72770465563;6251;8;42672;25/11/1984;338;400385
99497805713;75403437460;6274;8;39956;25/11/1984;332;398659
99497807566;74803736177;6275;5;40000;25/11/1984;327;394601
99498326994;79932211146;6279;8;41461;25/11/1984;313;340577
99501701339;70721850758;6283;5;37923;25/11/1984;352;413035
99501701339;70661621464;6284;5;41229;25/11/1984;352;413035
99503164324;74873016236;6286;5;36990;25/11/1984;384;397775
99542656299;72148753252;6287;8;42884;25/11/1984;384;458487
99542818058;90191493127;6288;8;41761;25/11/1984;315;346945
99031703074;97752344449;6324;5;40000;26/11/1984;368;441973
99031843058;90502733936;6325;5;41761;26/11/1984;390;463635
99191066533;90319679668;6333;8;41290;26/11/1984;353;414281
99193466084;76300017599;6341;8;37404;26/11/1984;312;340235
99193466084;76376799382;6342;8;39784;26/11/1984;315;341780
99499270362;79201894451;6352;5;40143;26/11/1984;360;432022
99498421148;71944550968;6421;8;39294;19/11/1984;343;406425
99543444586;69627941392;6434;8;40000;19/11/1984;310;383423
99090328188;75067280799;6484;8;41201;19/11/1984;317;346165
99191300317;74241200184;6493;8;38108;19/11/1984;359;431822
99193466084;77068644940;6499;8;38010;19/11/1984;314;345217
99498291126;90161755294;6509;8;38139;19/11/1984;314;345094
99499267923;70843380641;6512;5;36990;19/11/1984;360;431877
99501218483;78826357022;6513;5;38857;19/11/1984;384;397775
99543444586;74469125273;6521;8;40000;19/11/1984;378;453197
99543444586;79754318957;6522;8;36990;19/11/1984;363;437617
99031018106;73376526662;6569;5;38751;20/11/1984;314;340157
99031018106;78477716462;6570;5;38751;20/11/1984;313;340976
99031018106;78557415416;6571;5;39294;20/11/1984;315;341780
99031157680;70479488383;6572;8;42041;20/11/1984;344;407326
99191066533;75545275772;6586;8;38929;26/11/1984;352;413362
99495373154;79595364675;6596;8;39031;26/11/1984;310;383531
99496356837;90392801368;6597;5;38751;26/11/1984;371;443791
99499266153;75597550564;6604;5;38137;26/11/1984;360;432022
99499266807;71914661926;6605;8;38652;26/11/1984;316;344747
99031018106;73376526662;6662;5;38751;27/11/1984;314;340157
99498326994;73334829708;6691;8;45185;27/11/1984;313;340577
99499756628;79396498679;6694;8;37782;27/11/1984;369;442149
99504133131;76075196013;6696;8;38114;27/11/1984;387;461138
99542656299;73762095860;6699;8;40522;27/11/1984;319;388843
99543444586;76961151114;6705;5;41761;27/11/1984;339;401178
99031018106;73375462005;6758;5;39294;27/11/1984;314;340157
99031018106;79933545580;6759;5;39294;27/11/1984;313;340976
99031703074;77768909168;6760;5;41761;27/11/1984;368;441812
99494891893;73762955168;6777;8;38751;27/11/1984;319;388843
99497805713;79887702860;6780;8;41461;27/11/1984;390;463347
99498421148;78506938347;6783;8;39542;27/11/1984;344;407317
99499270362;79203325833;6785;5;43226;27/11/1984;360;431983
99499759621;77766604293;6787;5;38075;27/11/1984;369;442060
99503659355;79349256551;6788;8;38865;27/11/1984;366;440289
99542818058;79591233696;6791;8;37782;27/11/1984;378;453269
99031018106;90167353802;6864;5;39294;29/11/1984;316;344271
99031018106;90150673133;6865;5;39294;29/11/1984;313;340976
99031703074;90359738010;6871;5;43522;29/11/1984;368;441714
99031703074;90345275926;6872;5;41761;29/11/1984;369;441670
99193466084;76299897393;6893;8;38129;29/11/1984;312;340235
99495373154;90415495690;6903;8;39609;29/11/1984;380;454883
99499264987;74239407537;6913;5;43979;29/11/1984;360;431752
99542656299;75991091989;6916;8;39777;29/11/1984;349;409953
99544319564;90500462901;6918;8;38454;29/11/1984;365;439799
99031703074;77418079639;6971;5;38751;29/11/1984;360;431554
99191300317;90315206029;6983;8;38108;29/11/1984;359;431822
99497805713;67758091690;7000;8;38267;29/11/1984;382;456528
99499264987;74234547384;7004;5;41761;29/11/1984;359;431544
99499266807;90500383266;7005;8;39305;29/11/1984;393;468575
99501701339;70661952660;7009;5;42077;29/11/1984;352;413035
99542656299;75991091989;7013;8;40395;29/11/1984;349;409953
99495373154;68645901611;7024;8;39656;24/12/1984;278;389650
99542420688;68010521369;7027;8;41578;18/12/1984;281;458485
99542420688;90460126456;7028;8;41532;28/12/1984;294;458041
99542420688;74658395086;7029;8;37744;17/12/1984;294;458041
99542420688;78754461915;7030;8;44526;16/12/1984;263;392944
99542420688;79040165588;7031;8;38907;20/12/1984;78;374040
99191007370;75600917733;7044;8;38842;30/12/1984;183;374040
99191007370;76670158230;7045;8;40607;29/12/1984;245;388190
99191007370;77804626260;7046;8;44580;27/12/1984;245;388190
99191007370;76061298740;7047;8;43811;18/12/1984;282;439795
99031915004;68777105042;7057;8;39445;31/12/1984;293;449832
99191007370;71308176536;7062;5;42601;25/12/1984;278;389650
99191007370;72871783015;7063;8;45378;18/12/1984;173;374040
99191007370;75600917733;7064;8;38451;18/12/1984;183;374040
99191363408;99191363408;7069;8;35553;20/12/1984;276;410247
99191363408;73213476269;7070;8;39172;16/12/1984;290;411007
99191363408;73167702190;7077;8;38751;23/12/1984;290;410061
99031915004;78572464230;7099;8;37675;29/12/1984;279;346516
99191363408;70496401610;7104;8;38653;29/12/1984;177;410115
99031915004;79023189891;7105;8;38198;29/12/1984;183;374040
99499266153;79202855440;7140;5;43802;22/11/1984;266;431755
99499266153;66935669181;7141;5;37848;23/11/1984;266;431755
99499266153;66772627026;7142;5;38821;25/11/1984;266;431755
99499266153;66933177245;7143;5;38292;25/11/1984;266;431755
99499266153;74243523557;7144;5;42962;1/12/1984;294;431755
99499266153;74243523557;7145;5;41540;1/12/1984;294;431755
99499266153;70875936218;7146;8;39777;30/11/1984;266;431755
99499266153;79200377209;7147;8;40043;18/11/1984;294;431755
99499266153;70875936218;7148;8;40000;25/11/1984;294;431755
99499266807;68866140048;7150;5;37537;20/11/1984;188;431176
99499266807;79707134094;7151;5;38426;27/11/1984;188;431176
99499266807;74250047333;7152;5;41401;27/11/1984;213;432103
99499266807;74249926799;7153;5;39110;30/11/1984;213;432103
99499266807;70840122530;7154;5;40153;1/12/1984;225;431176
99499266807;72387680596;7155;5;37404;30/11/1984;248;463063
99499266807;68932085810;7156;5;43221;25/11/1984;256;440065
99499266807;74227378583;7157;5;41952;24/11/1984;266;431315
99499266807;66897342149;7158;5;41586;30/11/1984;266;431315
99499266807;90331868874;7159;5;42482;1/12/1984;266;431315
99499266807;66876247829;7160;5;43742;1/12/1984;266;431315
99499266807;68860798729;7161;5;38089;1/12/1984;285;431727
99499266807;70571969950;7162;5;43559;19/11/1984;293;439795
99499266807;72409721349;7163;5;40000;1/12/1984;295;439799
99499266807;90449123699;7164;8;41461;18/11/1984;261;456419
99499266807;90436307480;7165;8;43010;25/11/1984;261;456388
99499266807;79195286678;7166;8;39973;25/11/1984;266;431315
99499266807;73358204069;7167;8;40000;25/11/1984;278;342813
99499266807;79703534061;7168;8;38331;26/11/1984;290;410243
99499268004;77164724440;7169;5;41761;20/11/1984;217;431498
99499268004;74239422177;7170;8;36990;19/11/1984;217;431498
99499267923;66914199731;7172;5;39777;23/11/1984;266;431315
99499267923;77413963565;7173;5;48751;27/11/1984;293;431593
99499270362;70866590276;7175;5;41761;29/11/1984;245;431490
99499272228;90292766371;7177;8;40036;25/11/1984;242;410192
99499272228;71561600525;7178;8;40280;20/11/1984;263;456436
99499272228;70834925496;7179;8;44773;26/11/1984;266;431176
99499272228;70834925496;7180;8;43699;1/12/1984;266;431176
99191363408;77222539844;7251;8;40645;27/12/1984;229;410243
89505114257;79035044632;7255;8;43755;20/12/1984;285;374040
89505114257;78100961197;7256;8;39726;20/12/1984;277;454407
89505114257;73622831076;7257;8;38172;20/12/1984;231;381295
89505114257;78873038137;7258;8;42124;17/12/1984;285;360211
89505114257;76966299528;7259;8;44884;17/12/1984;280;400002
89057985192;72110440147;7260;8;36990;20/12/1984;285;457979
89057985192;79743138960;7261;8;36990;29/12/1984;279;458452
89057985192;72110440147;7262;8;40969;18/12/1984;285;457979
89057985192;79743138960;7263;8;36990;28/12/1984;279;458452
89057985192;90061296988;7264;8;36990;21/12/1984;285;374040
89505114257;75630139069;7265;8;32452;16/12/1984;275;437108
89505114257;79035044632;7266;8;40168;18/12/1984;285;374040
89505114257;73622831076;7267;8;38332;30/12/1984;231;381295
99345148036;78981524373;7304;8;43010;20/12/1984;260;410356
99345148036;90292144023;7305;8;43424;21/12/1984;260;410356
99345148036;78981524373;7306;8;40000;25/12/1984;260;410356
99345148036;79016613570;7307;5;40000;27/12/1984;243;410008
99345148036;77241399350;7308;8;40971;24/12/1984;230;374040
99345148036;79077096405;7309;5;36990;27/12/1984;300;374040
99344993374;79005966920;7312;8;38835;21/12/1984;165;374040
99347547972;79066470860;7321;8;37033;30/12/1984;30;374040
99347547972;68989717336;7322;8;44308;25/12/1984;265;374040
99347547972;77129738480;7323;8;43010;28/12/1984;#¡NUM!;374040
99347547972;75999856782;7324;8;39200;18/12/1984;183;411034
99041771273;79317392787;7341;5;51991;24/12/1984;275;437108
99041771273;69408119760;7342;5;37049;24/12/1984;275;437108
99344993374;90306648157;7358;8;42394;16/12/1984;260;410356
99041771273;79317384155;7359;5;37157;30/12/1984;275;437108
99346770142;77217992872;7397;5;37959;17/12/1984;193;374040
99346770142;64705918355;7398;5;37404;30/12/1984;248;410156
99346770142;77217992872;7399;5;40322;22/12/1984;167;374040
99346770142;79054313091;7405;5;37881;24/12/1984;245;388190
99499756628;90358367849;7456;8;44472;25/11/1984;299;441498
99499758491;75674289408;7459;8;37115;29/11/1984;295;441794
99499758491;72216820995;7460;8;38752;25/11/1984;295;442189
99500239474;78453895963;7466;8;46715;25/11/1984;242;342813
99500239474;78453895963;7467;8;45133;30/11/1984;242;342813
99500239474;90292795427;7468;8;42236;30/11/1984;282;374040
99500240676;73775701029;7481;8;39691;24/11/1984;158;388975
99500240676;70123072563;7482;8;40438;25/11/1984;249;374040
99500240676;78922484448;7483;8;45053;22/11/1984;283;406375
99500240676;69211624635;7484;8;38099;19/11/1984;285;341913
99500240676;90096029423;7485;8;44073;30/11/1984;297;465802
99500241194;78825684715;7502;8;38919;17/11/1984;294;397775
99500241755;69838991766;7503;8;41461;29/11/1984;280;462839
99500241755;73548845015;7504;8;44223;19/11/1984;289;360211
99500241755;78241887095;7505;8;38293;25/11/1984;294;458452
99500728378;69746928222;7527;8;38430;26/11/1984;104;462839
99500728378;77251128810;7528;8;38975;18/11/1984;235;374040
99500728378;78027229843;7529;8;37665;29/11/1984;253;409994
99500735689;78030379932;7537;8;37122;17/11/1984;130;453149
99500735689;76961213086;7538;8;38129;29/11/1984;247;400024
99500735689;79591207871;7539;8;37003;29/11/1984;274;453197
79600245659;79615582698;7542;8;36990;29/12/1984;276;443137
79600245659;79615582698;7543;8;36990;28/12/1984;276;443137
99031703074;77769763868;7594;5;40000;30/11/1984;368;441973
99090330208;73324613973;7603;8;44771;30/11/1984;314;340157
99494891893;75792118863;7617;8;43010;30/11/1984;378;453621
99497315246;75067280799;7619;8;40807;30/11/1984;317;346165
99497807566;64883762430;7621;5;38751;30/11/1984;327;394601
99031703074;90330954910;7673;5;36990;30/11/1984;382;456358
99031703074;90517121450;7674;5;40000;30/11/1984;390;463781
99031703074;74384700290;7675;5;40000;30/11/1984;369;442067
99191300317;90367250572;7680;8;37139;30/11/1984;390;463347
99193466084;90483580797;7681;8;38129;30/11/1984;360;431886
99193466084;77805787295;7682;8;44314;30/11/1984;315;342822
99494891893;71404669183;7686;5;37782;30/11/1984;378;453406
99494891893;90375753983;7687;5;40000;30/11/1984;378;453180
99498326994;79932211146;7691;8;42900;30/11/1984;313;340577
99499266807;90214150443;7694;8;38720;30/11/1984;310;383474
99499758491;90368881090;7695;8;39935;30/11/1984;368;442192
99502677933;73816765070;7696;5;38751;30/11/1984;320;389633
99503659355;90500462901;7697;8;40601;30/11/1984;365;439799
99542656299;75991091989;7698;8;40082;30/11/1984;349;409953
99031915004;78569968264;7753;8;42286;1/12/1984;316;343854
99193466084;74430815532;7772;8;40928;1/12/1984;371;443439
99263432011;69848405805;7773;5;37164;1/12/1984;393;462839
99502677933;75234443345;7784;5;38751;1/12/1984;320;389644
99503164324;90471705288;7788;8;37029;1/12/1984;384;458111
99504133131;90475617010;7789;8;40081;1/12/1984;387;461138
99543444586;90401857087;7793;8;43010;1/12/1984;378;453423
99543444586;74469125273;7794;5;38751;1/12/1984;378;453197
110414401949;99494879915;7863;8;22503;26/11/1984;130;374040
114132864077;66107708244;7925;8;18865;19/11/1984;130;374040
114132864077;79060563215;7926;8;17782;26/11/1984;299;411225
114132864077;70549323590;7927;8;20022;26/11/1984;299;411225
111139835495;72884195592;7929;8;21761;22/11/1984;308;381295
111139835495;99031708562;7930;8;18004;22/11/1984;130;374040
111139835495;99032143063;7931;8;21761;27/11/1984;321;360211
111139835495;99031916473;7932;8;23877;29/11/1984;308;381295
111139835495;69584398298;7933;8;21055;30/11/1984;308;381295
99031691577;99090427259;7934;8;22175;17/11/1984;312;339803
99498310156;79934115250;7935;8;30000;17/11/1984;312;339803
99498310156;76313325933;7957;8;26880;26/11/1984;312;339803
99498310156;99543238166;7959;8;28970;26/11/1984;312;339803
106990745036;79946017678;7962;8;44116;27/11/1984;312;339803
106990745036;78561114299;7963;8;44116;27/11/1984;312;339803
106990745036;79940294030;7967;8;44861;30/11/1984;312;339803
106990745036;76340441714;7968;8;24457;30/11/1984;312;339803
99498310156;78506640311;7970;8;28228;1/12/1984;312;339803
107065645293;99031171773;7974;8;24075;23/11/1984;312;339803
107065645293;99544517794;7975;8;21436;23/11/1984;313;340552
107065645293;99542819092;7976;8;24773;23/11/1984;312;339803
107065645293;77245803559;7977;8;23001;25/11/1984;312;339803
107065645293;78456247311;7978;8;23979;30/11/1984;313;340552
107214976991;99544600364;7979;8;22612;18/11/1984;312;339803
107214976991;75107315158;7981;8;44393;30/11/1984;313;342045
107214976991;76416341323;7982;8;44372;30/11/1984;313;342045
113647798728;72417067319;8023;8;23087;20/11/1984;344;407346
113647798728;78922552536;8024;8;17782;29/11/1984;362;437108
113647798728;78922246301;8025;8;19031;30/11/1984;343;406375
116434645548;79661688712;8027;8;21761;19/11/1984;356;434243
116434645548;99345014001;8028;8;26844;19/11/1984;130;374040
116434645548;79247675283;8029;8;20212;23/11/1984;356;434243
116434645548;99499278165;8030;8;23740;23/11/1984;359;431176
116434645548;72919702936;8031;8;17324;29/11/1984;338;400002
116127966227;99544565896;8055;8;37073;29/11/1984;359;431176
118325165976;63090101509;8085;8;44472;19/11/1984;378;453149
118325165976;78709981787;8088;8;45051;23/11/1984;378;453149
118325165976;78254717342;8090;8;41804;23/11/1984;378;453149
118855545970;99143441135;8131;8;11072;19/11/1984;384;458452
118855545970;99058115731;8132;8;12545;23/11/1984;384;458452
118855545970;99345165744;8133;8;16495;24/11/1984;384;458452
99497807566;72038283508;8143;5;44624;20/11/1984;326;394302
99543444586;75791732660;8152;8;40000;20/11/1984;378;453627
99031018106;73376526662;8208;5;38751;20/11/1984;314;340157
99031018106;90181631977;8209;5;39294;20/11/1984;315;345947
99031018106;78557415416;8210;5;39294;20/11/1984;315;341780
99031441181;78711659641;8213;5;39171;20/11/1984;320;389878
99031843058;73876025434;8215;5;38893;20/11/1984;390;463635
99494880839;90467426218;8236;8;36990;20/11/1984;384;457979
99494891893;74533981422;8237;8;43010;20/11/1984;378;453627
99497807566;64883762430;8242;5;44698;20/11/1984;327;394601
99499753272;71132736400;8245;8;37782;20/11/1984;390;463633
99499758491;90368881090;8246;8;41638;20/11/1984;368;442192
99501218483;78826048415;8249;5;42940;20/11/1984;334;398670
99542818058;68669615615;8252;8;37110;20/11/1984;394;463005
70840199715;72497864220;8281;5;40792;22/11/1984;388;397204
99031018106;79934413929;8340;5;38751;22/11/1984;315;343225
99193466084;90250431264;8365;8;38129;22/11/1984;333;397886
99193466084;75099737453;8366;8;37274;22/11/1984;312;343775
99273725598;72587219769;8367;5;38862;22/11/1984;390;463508
99494878327;90479229460;8370;8;42969;22/11/1984;394;463058
99496348086;75720418814;8372;8;41055;22/11/1984;371;443139
99496356837;74430784010;8373;5;36990;22/11/1984;371;443439
99496356837;79452858157;8374;5;36990;22/11/1984;371;443615
99497807566;73937359378;8375;5;39978;22/11/1984;326;394062
99498291126;90292730753;8377;8;39530;22/11/1984;349;409953
99499266153;90345377816;8378;5;39561;22/11/1984;360;431877
99499266153;70878388659;8379;5;46342;22/11/1984;359;431182
99503164324;66786397010;8382;5;38751;22/11/1984;384;397775
99544319564;79663156164;8389;8;37782;22/11/1984;380;454672
99031947980;79410223659;8442;5;38050;23/11/1984;369;441513
99090330208;76405371511;8446;8;40000;23/11/1984;314;345148
99494928521;79603837236;8469;5;39211;23/11/1984;378;453149
99497805713;90280533978;8473;8;38011;23/11/1984;314;344646
99031018106;73418258584;8537;5;39294;23/11/1984;316;344932
99031441181;78711659641;8540;5;37410;23/11/1984;320;389878
99031947980;67169600643;8542;5;38859;23/11/1984;369;441513
99498291126;109868622489;8567;8;37782;23/11/1984;344;407567
99499266153;79017357929;8569;5;38502;23/11/1984;360;431869
99501218483;78827068566;8570;5;38508;23/11/1984;334;398670
79600245659;90345988244;8578;8;38603;16/12/1984;237;437108
79600245659;79602691888;8579;8;37359;28/12/1984;221;453149
99544000548;90348163812;8581;8;37160;23/12/1984;296;360211
99344993374;79046306404;8621;8;42673;29/12/1984;281;411185
99344993374;90306648157;8631;8;41046;23/12/1984;260;410356
99502677933;69789547126;8634;5;38451;18/12/1984;260;389650
99502677933;58921803866;8635;5;38451;25/12/1984;256;388429
99502677933;79456092581;8639;5;43979;28/12/1984;257;388190
99502677933;71423517084;8640;5;40991;17/12/1984;257;388190
99502677933;75243619176;8641;5;38451;17/12/1984;281;462839
99502677933;73837634104;8642;5;43522;18/12/1984;261;462839
99344993374;79691162375;8645;8;38827;25/12/1984;165;374040
99344993374;79005997133;8650;8;39641;22/12/1984;165;374040
99345148036;79022848547;8666;8;41761;17/12/1984;248;410156
99190807318;79004339918;8678;8;45315;18/12/1984;242;456496
99030901571;79071374547;8699;8;36990;30/12/1984;250;374040
99543237012;72805006752;8705;5;40000;21/12/1984;215;457979
99030901571;90105263967;8707;8;36990;18/12/1984;250;374040
99030901571;90130650958;8708;8;37782;21/12/1984;262;374040
99543237012;76170917303;8735;5;37535;25/12/1984;90;374040
99190807318;90081840768;8745;8;38385;17/12/1984;282;374040
99190807318;79032962586;8746;8;36990;31/12/1984;248;374040
99090315270;76312622360;8748;8;37300;23/12/1984;219;339803
70101383490;90119450449;8749;8;37354;29/12/1984;234;339803
99543237012;79055270222;8767;5;40000;20/12/1984;279;374040
99500239474;69211624635;8787;8;39335;25/12/1984;264;406941
99500239474;77409088530;8788;8;36990;17/12/1984;290;431490
99501215041;78808554332;8790;5;41761;20/11/1984;242;397775
99501215041;78808554332;8791;5;36990;23/11/1984;242;397775
99501215041;78825416542;8792;5;44771;24/11/1984;242;397775
99501215041;78828520479;8793;5;43936;26/11/1984;242;397775
99501215041;70315736753;8794;5;45966;27/11/1984;242;397775
99501215041;70224934988;8795;5;41761;27/11/1984;297;397775
99501215041;75386229085;8796;5;40969;1/12/1984;297;397775
99501217100;66755420618;8798;8;43979;22/11/1984;181;398972
99501217100;78754583080;8799;8;43979;23/11/1984;288;458186
99501217100;72232818172;8800;8;39183;22/11/1984;292;399339
99501217100;78826088562;8801;8;40000;19/11/1984;297;397775
99501219045;76254035082;8802;8;36990;24/11/1984;205;454540
99501219045;78479809484;8803;8;44151;27/11/1984;271;437617
99495525262;75887798901;8824;8;37206;24/12/1984;268;458452
99495525262;90533112807;8825;8;38266;21/12/1984;215;457979
99495525262;66836296319;8826;8;42788;30/12/1984;258;413610
99495525262;72015831147;8835;5;39542;25/12/1984;283;457979
99495525262;79745451828;8836;5;38241;25/12/1984;259;457979
99497814981;76061298740;8850;8;37753;31/12/1984;282;439795
99497814981;90068956550;8851;8;39353;17/12/1984;118;374040
99501219045;70718204156;8852;8;42580;28/12/1984;276;413035
99497814981;77237378904;8866;8;40489;22/12/1984;174;374040
99544000548;99544000548;8868;8;37291;25/12/1984;295;374040
99544000548;90424639133;8869;8;37404;20/12/1984;229;360211
99345116854;72286839158;8901;8;37404;24/12/1984;268;457979
99496365497;67106956007;8907;5;39294;18/12/1984;226;453149
99496365497;79451838400;8919;8;44752;16/12/1984;265;443535
99496365497;75720090152;8920;5;40969;28/12/1984;265;443535
99496365497;74434710769;8921;5;52467;25/12/1984;265;443535
99497318916;75823456467;8931;5;37265;18/12/1984;292;456230
99497318916;75827203259;8938;5;36990;31/12/1984;292;456230
99497318916;99497318916;8939;8;40672;23/12/1984;261;374040
99497318916;71536637753;8943;5;39985;29/12/1984;221;456230
99497318916;75821948968;8944;8;38648;20/12/1984;221;456230
99496365497;79458495472;8953;8;37597;24/12/1984;187;454407
99345307064;90408433518;8959;8;38573;20/12/1984;248;453149
99345307064;79451614945;8960;8;38794;29/12/1984;266;339803
99345307064;79612100431;8961;8;39542;29/12/1984;295;453149
99544000548;99544000548;8977;8;37672;18/12/1984;295;374040
99544000548;99544000548;8978;8;37404;25/12/1984;295;374040
99544000548;78027001410;8979;8;38129;20/12/1984;295;374040
99544000548;78026606772;8980;8;45357;17/12/1984;295;374040
99544000548;78960227823;8987;8;36990;17/12/1984;296;451852
99544000548;78026606772;8988;8;40792;16/12/1984;295;374040
99544000548;75778806058;8989;5;40000;17/12/1984;278;453149
99544000548;78026606772;8990;8;39759;27/12/1984;295;374040
99345116854;72286839158;9006;8;42788;30/12/1984;239;457979
99345307064;76579708177;9018;8;40180;18/12/1984;296;381295
99545307801;67862579877;9024;5;37584;24/12/1984;272;450239
99345246649;67765485873;9030;8;38193;27/12/1984;292;456230
99345010017;52548232609;9036;8;37812;25/12/1984;295;409752
99345219000;79060296710;9037;8;42672;17/12/1984;291;411225
99345010017;67564082588;9038;8;42109;30/12/1984;226;453149
99345219000;90320772982;9039;8;37324;21/12/1984;217;411182
99345219000;90316811757;9040;8;41461;17/12/1984;290;410341
99345116854;76133961870;9047;8;39254;18/12/1984;261;465802
99345219000;52567302164;9048;8;39031;25/12/1984;282;411225
99345219000;77144463958;9049;8;38451;28/12/1984;290;411007
99545307801;68101416791;9076;5;40000;27/12/1984;277;458397
99545307801;68101416791;9077;5;44314;27/12/1984;277;458397
99545307801;79744623141;9078;5;41761;20/12/1984;277;458397
99545307801;79744623141;9079;5;41761;22/12/1984;277;458397
99345133167;79010297149;9085;8;38932;18/12/1984;228;374040
99545307801;68763320729;9086;5;36990;28/12/1984;299;449832
99543444586;76594051437;9087;8;43010;17/12/1984;246;382099
99543444586;78703246533;9088;8;36990;21/12/1984;245;388190
99543444586;77487187222;9089;8;43010;16/12/1984;251;437372
99543444586;68808136226;9090;8;43010;30/12/1984;251;437372
99345116854;79004865966;9095;8;39121;18/12/1984;169;374040
99543444586;75911083913;9103;8;40000;22/12/1984;234;437281
99543444586;90401857087;9107;8;43010;23/11/1984;378;453423
70840199715;63486865332;9123;5;36990;24/11/1984;388;397204
70840199715;79838652261;9124;5;39777;24/11/1984;388;397204
99031018106;78565922639;9154;5;39294;24/11/1984;314;340157
99031018106;90155017522;9155;5;39294;24/11/1984;314;345148
99031018106;78566005007;9156;5;36990;24/11/1984;313;341830
99031703074;77759092359;9160;5;38689;24/11/1984;368;441714
99499753272;79929018855;9163;8;37328;24/11/1984;368;441736
99090330208;76405371511;9168;8;43010;24/11/1984;314;345148
99544827091;71853363870;9200;8;38751;24/11/1984;344;406937
99031018106;73364158860;9257;5;39294;25/11/1984;315;341780
99031018106;78565922639;9258;5;39294;25/11/1984;314;340157
99031018106;78566006193;9259;5;37597;25/11/1984;313;341830
99031018106;90168757811;9260;5;37384;25/11/1984;315;345947
99031018106;73340939838;9261;5;39294;25/11/1984;313;340976
99031703074;74331023700;9265;5;38448;25/11/1984;368;441527
99031947980;90360498512;9269;5;38859;25/11/1984;369;441513
99494905849;90405999735;9294;5;39890;25/11/1984;378;453393
99494928521;90022934345;9295;5;41095;25/11/1984;378;453393
99496356837;74424495969;9297;5;37782;25/11/1984;371;443328
99499756628;67199185625;9303;8;36990;25/11/1984;369;441712
99501215041;78825075584;9304;8;39542;25/11/1984;384;399579
99502677933;78707610915;9305;5;36990;25/11/1984;320;389644
99544565896;66928060346;9312;5;37059;25/11/1984;359;431182
99031843058;76104937047;9374;5;41435;26/11/1984;390;463635
99345144488;75067280799;9397;8;42006;26/11/1984;317;346165
99494891893;75792118863;9400;8;38751;26/11/1984;378;453621
99495373154;65176512902;9402;8;39861;26/11/1984;389;467210
99542818058;90029118397;9411;8;41761;26/11/1984;314;344646
99031054203;68579710387;9467;5;43979;26/11/1984;318;387895
99031157680;90265960128;9468;8;39599;26/11/1984;344;407326
99095563792;65835928244;9478;5;38213;26/11/1984;380;454849
99191066533;90309931486;9484;8;39820;26/11/1984;344;407567
99193466084;73310580650;9492;8;36990;26/11/1984;317;339976
99496365497;90378196370;9493;8;46021;26/11/1984;371;443302
99499266807;66286444151;9497;8;38429;26/11/1984;320;389633
99499758491;79927399531;9498;5;38801;26/11/1984;368;441761
99345116854;90483708325;9560;8;37767;27/11/1984;388;397204
99494891893;67536448960;9562;5;40000;27/11/1984;378;453406
99496348086;75725304210;9565;8;37284;27/11/1984;371;443302
99499759621;76139254996;9572;5;41606;27/11/1984;369;442060
99542656299;75991091989;9573;8;41059;27/11/1984;349;409953
99544319564;77487899433;9580;8;37061;27/11/1984;356;434879
99543444586;71317750470;9616;5;41761;25/12/1984;271;344553
99543444586;90408463712;9617;8;43010;20/12/1984;273;401515
99345246649;79695927406;9620;8;36990;20/12/1984;267;343457
99345246649;78590156010;9621;8;36990;16/12/1984;293;360211
99545307801;90403636395;9629;5;39031;18/12/1984;228;449921
99500260787;71730298839;9634;8;40292;18/12/1984;268;457979
99500260787;79929148308;9635;8;41202;23/12/1984;299;441498
99500260787;79421685049;9636;8;39996;20/12/1984;224;441498
99498686425;78559543722;9661;5;39658;20/12/1984;237;339803
99499268004;70873129779;9663;5;51688;21/12/1984;290;431755
99498686425;71871684991;9669;5;37745;29/12/1984;283;339803
99498686425;70549233811;9670;5;40986;21/12/1984;281;462839
99498686425;79940925338;9674;5;37356;27/12/1984;233;339803
99498686425;79006746472;9675;5;40882;24/12/1984;237;374040
99498686425;78552790552;9676;5;40949;17/12/1984;279;341263
99498686425;65426230867;9683;5;36990;29/12/1984;206;342813
99498686425;78714612657;9684;5;41915;20/12/1984;245;388190
99498686425;90221795823;9685;5;41444;17/12/1984;245;388190
79318000157;75910958248;9691;8;32560;18/12/1984;275;437108
99499268004;79203411207;9692;5;38751;24/12/1984;265;431176
99499268004;68881104554;9693;5;46990;24/12/1984;290;431176
99498686425;79937823916;9697;5;38725;20/12/1984;272;339803
99498686425;72891114009;9706;5;39777;20/12/1984;189;374040
99345133167;79014007188;9718;8;38603;24/12/1984;190;374040
79318000157;90345847756;9721;8;31401;23/12/1984;275;437108
79318000157;75910958248;9722;8;33120;23/12/1984;275;437108
79318000157;90345847756;9723;8;31466;31/12/1984;275;437108
79318000157;75910958248;9724;8;30325;20/12/1984;275;437108
79318000157;90345847756;9725;8;31789;28/12/1984;275;437108
99345133167;79613139796;9728;8;41116;18/12/1984;266;443551
99090330208;90187428159;9729;8;38751;28/12/1984;274;345378
79318000157;72926743300;9730;8;33977;16/12/1984;275;437108
79318000157;75910958248;9731;8;33010;16/12/1984;275;437108
99100973794;68880713669;9737;5;43979;18/12/1984;265;431176
99090427259;65012157597;9740;5;41414;23/12/1984;264;339803
99090427259;69196099679;9741;5;39542;17/12/1984;264;339803
79318000157;90345847756;9749;8;29685;18/12/1984;275;437108
99496359571;78700008723;9757;5;41333;29/12/1984;241;443137
99031018106;73416195492;9758;5;38751;29/12/1984;251;342193
99496359571;77807873889;9759;5;45323;28/12/1984;241;443137
99496359571;77807873889;9760;5;39715;30/12/1984;241;443137
99496359571;79454893996;9761;5;41761;28/12/1984;241;443137
99546193005;76067448838;9762;5;42430;20/12/1984;230;439795
99546193005;76040717125;9763;5;36990;20/12/1984;230;439795
99546193005;90500405690;9764;5;43010;21/12/1984;203;439799
99544827091;90353232546;9779;8;37334;17/12/1984;251;437372
99544827091;69417952635;9780;8;38319;27/12/1984;294;400002
99498332191;76400536575;9805;8;40390;18/12/1984;271;344553
99498332191;76400536575;9807;8;38825;27/12/1984;271;344553
99498332191;76400536575;9808;8;39609;22/12/1984;271;344553
99090369344;90171818544;9836;8;36990;28/12/1984;254;342390
99503178044;67603379310;9852;5;44880;24/11/1984;246;453496
99503178044;75785619037;9853;5;37013;19/11/1984;251;453579
99503178044;79593830778;9854;5;41761;20/11/1984;251;453579
99503178044;71381264984;9855;5;40172;22/11/1984;251;453579
99503178044;75785715660;9856;5;38987;22/11/1984;251;453579
99503659355;66221500921;9865;8;39499;29/11/1984;256;440065
99193466084;99193466084;9892;8;47186;28/12/1984;296;374040
99193466084;99193466084;9893;8;45140;21/12/1984;296;374040
99504133131;78343622714;9898;5;42011;18/12/1984;214;460746
99031080248;72695445305;9908;8;39367;28/12/1984;272;397775
99031080248;76330724143;9909;8;39893;23/12/1984;259;360211
99031080248;76121078654;9910;8;39416;29/12/1984;272;434243
99193466084;75778449632;9926;5;42874;21/12/1984;241;453564
99193466084;79838625396;9927;5;40915;28/12/1984;231;396016
99193466084;90220495869;9928;5;46363;27/12/1984;246;382099
99494916913;68872349229;9937;8;37234;20/12/1984;276;453324
99494916913;71380687722;9938;8;38792;24/12/1984;276;453324
99494916913;74800546965;9939;8;39661;17/12/1984;276;453324
99494916913;71380756764;9940;8;37210;22/12/1984;231;453324
99504133131;72452358758;9946;8;42761;27/11/1984;250;460746
99504133131;72452358758;9947;8;42995;27/11/1984;250;460746
99504133131;72452358758;9948;8;41546;30/11/1984;250;460746
99494916913;90380897415;9953;8;38194;30/12/1984;265;443535
99495439380;90119450449;9957;8;38713;17/12/1984;233;339803
99498447941;76061298740;10006;8;39685;25/12/1984;282;439795
99031157680;90265976652;10007;8;37294;30/12/1984;261;406850
99090383921;79698424456;10020;8;41761;29/12/1984;165;374040
99031080248;75875149350;10032;8;37872;20/12/1984;215;457979
99031080248;79023937512;10038;8;37905;18/12/1984;250;434517
99543444335;90119450449;10071;8;38344;30/12/1984;216;339803
99494878327;69048065871;10095;8;38325;29/12/1984;259;339803
99494878327;78994537301;10096;8;38751;28/12/1984;244;374040
99542420725;79745315981;10104;8;38286;26/11/1984;182;458274
99498291126;99498291126;10106;8;41964;30/12/1984;293;339803
99498291126;99498291126;10107;8;44104;28/12/1984;293;339803
99498291126;99498291126;10108;8;43499;20/12/1984;293;339803
99090369344;71869843075;10112;8;41761;27/12/1984;243;342943
99090369344;69243204038;10113;8;40000;27/12/1984;237;341597
99090369344;90160373361;10114;8;37258;24/12/1984;247;342045
99498332191;76400536575;10119;8;42487;31/12/1984;271;344553
99498332191;79941178780;10120;8;39137;25/12/1984;295;341111
99498332191;76400536575;10121;8;39442;16/12/1984;271;344553
99498332191;90162414025;10126;8;37563;27/12/1984;295;341111
99344985492;99344985492;10129;8;40609;24/12/1984;285;374040
99169810219;90221792020;10141;5;36990;28/12/1984;245;388190
99169810219;76661483000;10143;5;38751;18/12/1984;245;388190
99169810219;68581012558;10144;5;37472;27/12/1984;245;388190
99494878327;79458796835;10145;8;40219;31/12/1984;265;443535
99542420725;79010649211;10167;8;38775;19/11/1984;282;374040
99542420725;77231744771;10171;8;38409;25/11/1984;282;374040
99542420725;77138027048;10175;8;36992;23/11/1984;282;374040
99542420725;79006735700;10182;8;37216;26/11/1984;282;374040
99545068297;67566551046;10185;8;36990;23/12/1984;138;374040
99545068297;76000282860;10186;8;39294;29/12/1984;255;410243
99545068297;74599702024;10187;8;39165;27/12/1984;255;410243
99545068297;70580298192;10188;5;38894;23/12/1984;255;410243
